2015,7,10,532.559998,525.549988,530.130005,530.130005,1956700
2015,7,13,547.109985,532.400024,546.549988,546.549988,2206500
2015,7,14,565.848999,546.710022,561.099976,561.099976,3244100
2015,7,15,566.502991,556.789978,560.219971,560.219971,1784600
2015,7,16,580.679993,565.000000,579.849976,579.849976,4768300
2015,7,17,674.468018,645.000000,672.929993,672.929993,11164900
2015,7,20,668.880005,653.010010,663.020020,663.020020,5860900
2015,7,21,673.000000,654.299988,662.299988,662.299988,3377200
2015,7,22,678.640015,659.000000,662.099976,662.099976,3929300
2015,7,23,663.630005,641.000000,644.280029,644.280029,3029100
2015,7,24,648.169983,622.520020,623.559998,623.559998,3625700
2015,7,27,634.299988,620.500000,627.260010,627.260010,2675400
2015,7,28,632.830017,623.309998,628.000000,628.000000,1727300
2015,7,29,633.359985,622.650024,631.929993,631.929993,1575100
2015,7,30,635.219971,622.049988,632.590027,632.590027,1474200
2015,7,31,632.909973,625.500000,625.609985,625.609985,1706100
2015,8,3,633.056030,625.340027,631.210022,631.210022,1304500
2015,8,4,634.809998,627.159973,629.250000,629.250000,1490900
2015,8,5,647.859985,633.159973,643.780029,643.780029,2334300
2015,8,6,645.379028,632.250000,642.679993,642.679993,1572600
2015,8,7,642.679993,629.710022,635.299988,635.299988,1403900
2015,8,10,643.440002,631.249023,633.729980,633.729980,1809200
2015,8,11,674.900024,654.270020,660.780029,660.780029,5029200
2015,8,12,665.000000,652.289978,659.559998,659.559998,2936700
2015,8,13,664.500000,651.661011,656.450012,656.450012,1810700
2015,8,14,659.854980,652.659973,657.119995,657.119995,1072100
2015,8,17,661.380005,651.239990,660.869995,660.869995,1051700
2015,8,18,664.000000,653.460022,656.130005,656.130005,1456100
2015,8,19,667.000000,654.190002,660.900024,660.900024,2134100
2015,8,20,662.989990,642.900024,646.830017,646.830017,2855300
2015,8,21,640.049988,612.330017,612.479980,612.479980,4265200
2015,8,24,599.330017,565.049988,589.609985,589.609985,5770300
2015,8,25,617.450012,581.109985,582.059998,582.059998,3538000
2015,8,26,631.710022,599.049988,628.619995,628.619995,4235900
2015,8,27,643.590027,622.000000,637.609985,637.609985,3491300
2015,8,28,636.880005,624.559998,630.380005,630.380005,1978700
2015,8,31,635.799988,617.679993,618.250000,618.250000,2176700
2015,9,1,612.859985,594.099976,597.789978,597.789978,3702100
2015,9,2,614.340027,599.710022,614.340027,614.340027,2575600
2015,9,3,619.710022,602.820984,606.250000,606.250000,1759600
2015,9,4,603.469971,595.250000,600.700012,600.700012,2089000
2015,9,8,616.309998,604.119995,614.659973,614.659973,2279500
2015,9,9,626.520020,609.599976,612.719971,612.719971,1702100
2015,9,10,624.159973,611.429993,621.349976,621.349976,1905300
2015,9,11,625.780029,617.419983,625.770020,625.770020,1373500
2015,9,14,625.859985,619.429993,623.239990,623.239990,1702300
2015,9,15,638.700012,623.780029,635.140015,635.140015,2084400
2015,9,16,637.950012,632.320007,635.979980,635.979980,1286500
2015,9,17,650.900024,635.020020,642.900024,642.900024,2274700
2015,9,18,640.000000,627.020020,629.250000,629.250000,5133400
2015,9,21,636.489990,625.940002,635.440002,635.440002,1788500
2015,9,22,627.549988,615.429993,622.690002,622.690002,2562900
2015,9,23,628.929993,620.000000,622.359985,622.359985,1470900
2015,9,24,627.320007,612.400024,625.799988,625.799988,2240100
2015,9,25,629.770020,611.000000,611.969971,611.969971,2174000
2015,9,28,614.604980,589.380005,594.890015,594.890015,3127700
2015,9,29,605.000000,590.219971,594.969971,594.969971,2309500
2015,9,30,608.760010,600.729980,608.419983,608.419983,2413400
2015,10,1,612.090027,599.849976,611.289978,611.289978,1867600
2015,10,2,627.340027,603.130005,626.909973,626.909973,2684800
2015,10,5,643.010010,627.000000,641.469971,641.469971,1803600
2015,10,6,649.250000,636.530029,645.440002,645.440002,2166300
2015,10,7,650.609009,632.150024,642.359985,642.359985,2092700
2015,10,8,644.450012,625.559998,639.159973,639.159973,2182100
2015,10,9,645.989990,635.317993,643.609985,643.609985,1648700
2015,10,12,648.500000,639.010010,646.669983,646.669983,1275200
2015,10,13,657.812012,643.150024,652.299988,652.299988,1807700
2015,10,14,659.390015,648.849976,651.159973,651.159973,1415500
2015,10,15,663.130005,654.460022,661.739990,661.739990,1885700
2015,10,16,664.969971,657.200012,662.200012,662.200012,1611100
2015,10,19,666.820007,659.580017,666.099976,666.099976,1477300
2015,10,20,664.719971,644.195007,650.280029,650.280029,2498200
2015,10,21,655.869995,641.729980,642.609985,642.609985,1791100
2015,10,22,657.799988,644.010010,651.789978,651.789978,4071000
2015,10,23,730.000000,701.500000,702.000000,702.000000,6653900
2015,10,26,719.150024,701.260010,712.780029,712.780029,2716600
2015,10,27,713.619995,704.549988,708.489990,708.489990,2245800
2015,10,28,712.979980,703.080017,712.950012,712.950012,2178900
2015,10,29,718.260010,710.010010,716.919983,716.919983,1456000
2015,10,30,718.000000,710.049988,710.809998,710.809998,1908800
2015,11,2,721.619995,705.849976,721.109985,721.109985,1886300
2015,11,3,724.650024,714.719971,722.159973,722.159973,1565400
2015,11,4,733.099976,721.900024,728.109985,728.109985,1706700
2015,11,5,739.479980,729.469971,731.250000,731.250000,1861600
2015,11,6,735.409973,727.010010,733.760010,733.760010,1511600
2015,11,9,734.710022,719.429993,724.890015,724.890015,2069800
2015,11,10,730.590027,718.500000,728.320007,728.320007,1608000
2015,11,11,741.000000,730.229980,735.400024,735.400024,1366400
2015,11,12,737.799988,728.645020,731.229980,731.229980,1837200
2015,11,13,731.150024,716.729980,717.000000,717.000000,2075500
2015,11,16,729.489990,711.330017,728.960022,728.960022,1905900
2015,11,17,731.844971,723.026978,725.299988,725.299988,1510900
2015,11,18,741.409973,727.000000,740.000000,740.000000,1684300
2015,11,19,742.000000,737.429993,738.409973,738.409973,1327100
2015,11,20,757.919983,743.000000,756.599976,756.599976,2212300
2015,11,23,762.708008,751.820007,755.979980,755.979980,1414500
2015,11,24,755.278992,737.630005,748.280029,748.280029,2333100
2015,11,25,752.000000,746.059998,748.150024,748.150024,1122100
2015,11,27,753.409973,747.489990,750.260010,750.260010,838500
2015,11,30,754.929993,741.270020,742.599976,742.599976,2097600
2015,12,1,768.950012,746.700012,767.039978,767.039978,2134600
2015,12,2,775.955017,758.960022,762.380005,762.380005,2230400
2015,12,3,768.994995,745.630005,752.539978,752.539978,2590600
2015,12,4,768.489990,750.000000,766.809998,766.809998,2757300
2015,12,7,768.729980,755.090027,763.250000,763.250000,1812300
2015,12,8,764.799988,754.200012,762.369995,762.369995,1829500
2015,12,9,764.229980,737.000977,751.609985,751.609985,2700000
2015,12,10,755.849976,743.830017,749.460022,749.460022,1988400
2015,12,11,745.710022,736.750000,738.869995,738.869995,2224400
2015,12,14,748.729980,724.169983,747.770020,747.770020,2412500
2015,12,15,758.080017,743.010010,743.400024,743.400024,2666200
2015,12,16,760.590027,739.434998,758.090027,758.090027,1993300
2015,12,17,762.679993,749.000000,749.429993,749.429993,1553400
2015,12,18,754.130005,738.150024,739.309998,739.309998,3148700
2015,12,21,750.000000,740.000000,747.770020,747.770020,1525700
2015,12,22,754.849976,745.530029,750.000000,750.000000,1365400
2015,12,23,754.210022,744.000000,750.309998,750.309998,1565900
2015,12,24,751.349976,746.619995,748.400024,748.400024,527200
2015,12,28,762.989990,749.520020,762.510010,762.510010,1515300
2015,12,29,779.979980,766.429993,776.599976,776.599976,1765000
2015,12,30,777.599976,766.900024,771.000000,771.000000,1293300
2015,12,31,769.500000,758.340027,758.880005,758.880005,1500900
2016,1,4,744.059998,731.257996,741.840027,741.840027,3272800
2016,1,5,752.000000,738.640015,742.580017,742.580017,1950700
2016,1,6,747.179993,728.919983,743.619995,743.619995,1947000
2016,1,7,738.500000,719.059998,726.390015,726.390015,2963700
2016,1,8,733.229980,713.000000,714.469971,714.469971,2450900
2016,1,11,718.854980,703.539978,716.030029,716.030029,2090600
2016,1,12,728.750000,717.317017,726.070007,726.070007,2024500
2016,1,13,734.739990,698.609985,700.559998,700.559998,2501700
2016,1,14,721.924988,689.099976,714.719971,714.719971,2225800
2016,1,15,706.739990,685.369995,694.450012,694.450012,3608100
2016,1,19,709.979980,693.409973,701.789978,701.789978,2268100
2016,1,20,706.849976,673.260010,698.450012,698.450012,3445000
2016,1,21,719.190002,694.460022,706.590027,706.590027,2412200
2016,1,22,728.130005,720.120972,725.250000,725.250000,2011800
2016,1,25,729.679993,710.010010,711.669983,711.669983,1711700
2016,1,26,718.280029,706.479980,713.039978,713.039978,1331700
2016,1,27,718.234985,694.390015,699.989990,699.989990,2194200
2016,1,28,733.690002,712.349976,730.960022,730.960022,2676400
2016,1,29,744.989990,726.799988,742.950012,742.950012,3474300
2016,2,1,757.859985,743.270020,752.000000,752.000000,5139200
2016,2,2,789.869995,764.650024,764.650024,764.650024,6348100
2016,2,3,774.500000,720.500000,726.950012,726.950012,6171000
2016,2,4,727.000000,701.859985,708.010010,708.010010,5168700
2016,2,5,703.989990,680.150024,683.570007,683.570007,5105700
2016,2,8,684.030029,663.059998,682.739990,682.739990,4247400
2016,2,9,699.900024,668.770020,678.109985,678.109985,3608900
2016,2,10,701.309998,682.130005,684.119995,684.119995,2638000
2016,2,11,689.349976,668.867981,683.109985,683.109985,3024000
2016,2,12,693.750000,678.599976,682.400024,682.400024,2141400
2016,2,16,698.000000,685.049988,691.000000,691.000000,2520000
2016,2,17,709.750000,691.380005,708.400024,708.400024,2492600
2016,2,18,712.349976,696.030029,697.349976,697.349976,1883200
2016,2,19,703.080994,694.049988,700.909973,700.909973,1589300
2016,2,22,713.239990,702.510010,706.460022,706.460022,1949800
2016,2,23,708.400024,693.580017,695.849976,695.849976,2009300
2016,2,24,700.000000,680.780029,699.559998,699.559998,1963600
2016,2,25,705.979980,690.585022,705.750000,705.750000,1642200
2016,2,26,713.429993,700.859985,705.070007,705.070007,2243500
2016,2,29,710.890015,697.679993,697.770020,697.770020,2481100
2016,3,1,718.809998,699.770020,718.809998,718.809998,2151400
2016,3,2,720.000000,712.000000,718.849976,718.849976,1629000
2016,3,3,719.450012,706.020020,712.419983,712.419983,1958000
2016,3,4,716.489990,706.020020,710.890015,710.890015,1972100
2016,3,7,708.091003,686.900024,695.159973,695.159973,2985100
2016,3,8,703.789978,685.340027,693.969971,693.969971,2076300
2016,3,9,705.679993,694.000000,705.239990,705.239990,1421500
2016,3,10,716.440002,703.359985,712.820007,712.820007,2833500
2016,3,11,726.919983,717.125000,726.820007,726.820007,1970800
2016,3,14,735.500000,725.150024,730.489990,730.489990,1718300
2016,3,15,732.289978,724.770020,728.330017,728.330017,1721000
2016,3,16,737.469971,724.510010,736.090027,736.090027,1624400
2016,3,17,743.070007,736.000000,737.780029,737.780029,1860800
2016,3,18,742.000000,731.830017,737.599976,737.599976,2980700
2016,3,21,742.500000,733.515991,742.090027,742.090027,1836500
2016,3,22,745.000000,737.460022,740.750000,740.750000,1269700
2016,3,23,745.719971,736.150024,738.059998,738.059998,1432100
2016,3,24,737.747009,731.000000,735.299988,735.299988,1594900
2016,3,28,738.989990,732.500000,733.530029,733.530029,1301300
2016,3,29,747.250000,728.760010,744.770020,744.770020,1903800
2016,3,30,757.880005,748.739990,750.530029,750.530029,1782400
2016,3,31,750.849976,740.940002,744.950012,744.950012,1718800
2016,4,1,750.340027,737.000000,749.909973,749.909973,1576700
2016,4,4,752.799988,742.429993,745.289978,745.289978,1134200
2016,4,5,742.799988,735.369995,737.799988,737.799988,1132300
2016,4,6,746.239990,735.559998,745.690002,745.690002,1053700
2016,4,7,747.000000,736.280029,740.280029,740.280029,1453200
2016,4,8,745.450012,735.549988,739.150024,739.150024,1290800
2016,4,11,745.000000,736.049988,736.099976,736.099976,1220100
2016,4,12,743.830017,731.010010,743.090027,743.090027,1353000
2016,4,13,754.380005,744.260986,751.719971,751.719971,1707100
2016,4,14,757.309998,752.705017,753.200012,753.200012,1135300
2016,4,15,761.000000,752.693970,759.000000,759.000000,1809300
2016,4,18,768.049988,757.299988,766.609985,766.609985,1558800
2016,4,19,769.900024,749.330017,753.929993,753.929993,2030500
2016,4,20,758.132019,750.010010,752.669983,752.669983,1529200
2016,4,21,760.450012,749.549988,759.140015,759.140015,3060500
2016,4,22,736.119995,713.609985,718.770020,718.770020,5951900
2016,4,25,723.929993,715.590027,723.150024,723.150024,1959200
2016,4,26,725.765991,703.026001,708.140015,708.140015,2744600
2016,4,27,708.979980,692.364990,705.840027,705.840027,3098600
2016,4,28,714.169983,689.549988,691.020020,691.020020,2867300
2016,4,29,697.619995,689.000000,693.010010,693.010010,2487700
2016,5,2,700.640015,691.000000,698.210022,698.210022,1645300
2016,5,3,697.840027,692.000000,692.359985,692.359985,1543800
2016,5,4,699.750000,689.010010,695.700012,695.700012,1693500
2016,5,5,702.320007,695.719971,701.429993,701.429993,1683500
2016,5,6,711.859985,698.106995,711.119995,711.119995,1829300
2016,5,9,718.710022,710.000000,712.900024,712.900024,1510300
2016,5,10,723.500000,715.719971,723.179993,723.179993,1569600
2016,5,11,724.479980,712.799988,715.289978,715.289978,1692100
2016,5,12,719.250000,709.000000,713.309998,713.309998,1360700
2016,5,13,716.661987,709.260010,710.830017,710.830017,1314500
2016,5,16,718.479980,705.650024,716.489990,716.489990,1317100
2016,5,17,721.520020,704.109985,706.229980,706.229980,2001200
2016,5,18,711.599976,700.630005,706.630005,706.630005,1766800
2016,5,19,706.000000,696.799988,700.320007,700.320007,1670200
2016,5,20,714.580017,700.520020,709.739990,709.739990,1828400
2016,5,23,711.478027,704.179993,704.239990,704.239990,1330700
2016,5,24,720.969971,706.859985,720.090027,720.090027,1929500
2016,5,25,727.510010,719.705017,725.270020,725.270020,1629200
2016,5,26,728.330017,720.280029,724.119995,724.119995,1576300
2016,5,27,733.935974,724.000000,732.659973,732.659973,1975000
2016,5,31,739.729980,731.260010,735.719971,735.719971,2129500
2016,6,1,737.210022,730.659973,734.150024,734.150024,1253600
2016,6,2,733.020020,724.169983,730.400024,730.400024,1341800
2016,6,3,729.489990,720.559998,722.340027,722.340027,1226300
2016,6,6,724.909973,714.609985,716.549988,716.549988,1565300
2016,6,7,721.979980,716.549988,716.650024,716.650024,1336200
2016,6,8,728.570007,720.580017,728.280029,728.280029,1583700
2016,6,9,729.539978,722.335999,728.580017,728.580017,988900
2016,6,10,725.890015,716.429993,719.409973,719.409973,1216400
2016,6,13,725.440002,716.510010,718.359985,718.359985,1258900
2016,6,14,722.469971,713.119995,718.270020,718.270020,1306100
2016,6,15,722.979980,717.309998,718.919983,718.919983,1214500
2016,6,16,716.650024,703.260010,710.359985,710.359985,1982500
2016,6,17,708.820007,688.452026,691.719971,691.719971,3402400
2016,6,20,702.479980,693.409973,693.710022,693.710022,2082500
2016,6,21,702.770020,692.010010,695.940002,695.940002,1465600
2016,6,22,700.859985,693.081970,697.460022,697.460022,1184300
2016,6,23,701.950012,687.000000,701.869995,701.869995,2171400
2016,6,24,689.400024,673.450012,675.219971,675.219971,4449000
2016,6,27,672.299988,663.283997,668.260010,668.260010,2629000
2016,6,28,680.330017,673.000000,680.039978,680.039978,2173800
2016,6,29,687.429016,681.409973,684.109985,684.109985,1932600
2016,6,30,692.320007,683.650024,692.099976,692.099976,1597700
2016,7,1,700.650024,692.130005,699.210022,699.210022,1344700
2016,7,5,696.940002,688.880005,694.950012,694.950012,1462600
2016,7,6,701.679993,689.090027,697.770020,697.770020,1411900
2016,7,7,698.200012,688.215027,695.359985,695.359985,1304200
2016,7,8,705.710022,696.434998,705.630005,705.630005,1575200
2016,7,11,716.510010,707.239990,715.090027,715.090027,1111800
2016,7,12,722.940002,715.909973,720.640015,720.640015,1336900
2016,7,13,724.000000,716.849976,716.979980,716.979980,935900
2016,7,14,722.210022,718.030029,720.950012,720.950012,950200
2016,7,15,725.739990,719.054993,719.849976,719.849976,1279300
2016,7,18,736.130005,721.190002,733.780029,733.780029,1295500
2016,7,19,736.989990,729.000000,736.960022,736.960022,1227500
2016,7,20,742.130005,737.099976,741.190002,741.190002,1289700
2016,7,21,741.690002,735.830994,738.630005,738.630005,1026300
2016,7,22,743.239990,736.559998,742.739990,742.739990,1259800
2016,7,25,742.609985,737.500000,739.770020,739.770020,1032400
2016,7,26,741.690002,734.270020,738.419983,738.419983,1186700
2016,7,27,744.460022,737.000000,741.770020,741.770020,1512500
2016,7,28,748.650024,739.299988,745.909973,745.909973,3530200
2016,7,29,778.549988,766.770020,768.789978,768.789978,3841500
2016,8,1,780.429993,761.090027,772.880005,772.880005,2700500
2016,8,2,775.840027,767.849976,771.070007,771.070007,1784500
2016,8,3,773.210022,766.820007,773.179993,773.179993,1287400
2016,8,4,774.070007,768.794983,771.609985,771.609985,1140300
2016,8,5,783.039978,772.340027,782.219971,782.219971,1801200
2016,8,8,782.630005,778.091003,781.760010,781.760010,1107900
2016,8,9,788.940002,780.570007,784.260010,784.260010,1318900
2016,8,10,786.812012,782.778015,784.679993,784.679993,786400
2016,8,11,789.750000,782.969971,784.849976,784.849976,975100
2016,8,12,783.395020,780.400024,783.219971,783.219971,740500
2016,8,15,787.489990,780.109985,782.440002,782.440002,938200
2016,8,16,780.979980,773.443970,777.140015,777.140015,1028000
2016,8,17,780.809998,773.530029,779.909973,779.909973,924200
2016,8,18,782.859985,777.000000,777.500000,777.500000,719400
2016,8,19,777.099976,773.130005,775.419983,775.419983,861500
2016,8,22,774.539978,770.049988,772.150024,772.150024,951400
2016,8,23,776.440002,771.784973,772.080017,772.080017,928200
2016,8,24,774.500000,767.070007,769.640015,769.640015,1072000
2016,8,25,771.890015,763.184998,769.409973,769.409973,926900
2016,8,26,776.080017,765.849976,769.539978,769.539978,1166700
2016,8,29,774.989990,766.614990,772.150024,772.150024,847600
2016,8,30,774.466003,766.840027,769.090027,769.090027,1130000
2016,8,31,769.090027,765.380005,767.049988,767.049988,1248600
2016,9,1,771.020020,764.299988,768.780029,768.780029,925100
2016,9,2,773.919983,768.409973,771.460022,771.460022,1072700
2016,9,6,782.000000,771.000000,780.080017,780.080017,1442800
2016,9,7,782.729980,776.200012,780.349976,780.349976,893700
2016,9,8,780.349976,773.580017,775.320007,775.320007,1270300
2016,9,9,773.244995,759.659973,759.659973,759.659973,1885500
2016,9,12,770.289978,754.000000,769.020020,769.020020,1311000
2016,9,13,766.219971,755.799988,759.690002,759.690002,1395000
2016,9,14,767.679993,759.109985,762.489990,762.489990,1087400
2016,9,15,773.799988,759.960022,771.760010,771.760010,1305100
2016,9,16,769.750000,764.659973,768.880005,768.880005,2049300
2016,9,19,774.000000,764.440979,765.700012,765.700012,1172800
2016,9,20,773.330017,768.530029,771.409973,771.409973,978600
2016,9,21,777.159973,768.301025,776.219971,776.219971,1167800
2016,9,22,789.849976,778.440002,787.210022,787.210022,1486200
2016,9,23,788.929993,784.150024,786.900024,786.900024,1411900
2016,9,26,782.739990,773.070007,774.210022,774.210022,1533200
2016,9,27,785.989990,774.307983,783.010010,783.010010,1153200
2016,9,28,781.809998,774.969971,781.559998,781.559998,1109800
2016,9,29,785.799988,774.231995,775.010010,775.010010,1314700
2016,9,30,780.940002,774.090027,777.289978,777.289978,1585300
2016,10,3,776.065002,769.500000,772.559998,772.559998,1278800
2016,10,4,778.710022,772.890015,776.429993,776.429993,1201400
2016,10,5,782.070007,775.650024,776.469971,776.469971,1461200
2016,10,6,780.479980,775.539978,776.859985,776.859985,1070700
2016,10,7,779.659973,770.750000,775.080017,775.080017,933200
2016,10,10,789.380005,775.869995,785.940002,785.940002,1174900
2016,10,11,792.280029,780.580017,783.070007,783.070007,1372500
2016,10,12,788.130005,782.059998,786.140015,786.140015,937400
2016,10,13,781.219971,773.000000,778.190002,778.190002,1365300
2016,10,14,783.950012,776.000000,778.530029,778.530029,852500
2016,10,17,785.849976,777.500000,779.960022,779.960022,1093000
2016,10,18,801.609985,785.565002,795.260010,795.260010,2056900
2016,10,19,804.599976,798.030029,801.500000,801.500000,1766800
2016,10,20,803.969971,796.030029,796.969971,796.969971,1757500
2016,10,21,799.500000,794.000000,799.369995,799.369995,1266200
2016,10,24,815.179993,804.820007,813.109985,813.109985,1697500
2016,10,25,816.679993,805.140015,807.669983,807.669983,1576400
2016,10,26,806.979980,796.320007,799.070007,799.070007,1647700
2016,10,27,803.489990,791.500000,795.349976,795.349976,2749200
2016,10,28,815.489990,793.590027,795.369995,795.369995,4269900
2016,10,31,796.859985,784.000000,784.539978,784.539978,2427300
2016,11,1,789.489990,775.539978,783.609985,783.609985,2406400
2016,11,2,781.650024,763.450012,768.700012,768.700012,1872400
2016,11,3,769.950012,759.030029,762.130005,762.130005,1943200
2016,11,4,770.359985,750.560974,762.020020,762.020020,2134800
2016,11,7,785.190002,772.549988,782.520020,782.520020,1585100
2016,11,8,795.632996,780.190002,790.510010,790.510010,1366900
2016,11,9,791.226990,771.669983,785.309998,785.309998,2607100
2016,11,10,791.169983,752.179993,762.559998,762.559998,4745200
2016,11,11,760.780029,750.380005,754.020020,754.020020,2431800
2016,11,14,757.849976,727.539978,736.080017,736.080017,3654400
2016,11,15,764.416016,746.969971,758.489990,758.489990,2384000
2016,11,16,766.359985,750.510010,764.479980,764.479980,1472600
2016,11,17,772.700012,764.229980,771.229980,771.229980,1304000
2016,11,18,775.000000,760.000000,760.539978,760.539978,1547100
2016,11,21,769.700012,760.599976,769.200012,769.200012,1330600
2016,11,22,776.960022,767.000000,768.270020,768.270020,1593100
2016,11,23,768.283020,755.250000,760.989990,760.989990,1478400
2016,11,25,765.000000,760.520020,761.679993,761.679993,587400
2016,11,28,779.530029,759.799988,768.239990,768.239990,2188200
2016,11,29,778.500000,768.239990,770.840027,770.840027,1616600
2016,11,30,772.989990,754.830017,758.039978,758.039978,2392900
2016,12,1,759.849976,737.025024,747.919983,747.919983,3017900
2016,12,2,754.000000,743.099976,750.500000,750.500000,1452500
2016,12,5,763.900024,752.900024,762.520020,762.520020,1394200
2016,12,6,768.830017,757.340027,759.109985,759.109985,1690700
2016,12,7,771.359985,755.799988,771.190002,771.190002,1761000
2016,12,8,778.179993,767.229980,776.419983,776.419983,1488100
2016,12,9,789.429993,779.020996,789.289978,789.289978,1821900
2016,12,12,791.250000,784.354980,789.270020,789.270020,2104100
2016,12,13,804.380005,793.340027,796.099976,796.099976,2145200
2016,12,14,804.000000,794.010010,797.070007,797.070007,1704200
2016,12,15,803.000000,792.919983,797.849976,797.849976,1626500
2016,12,16,800.856018,790.289978,790.799988,790.799988,2443800
2016,12,19,797.659973,786.270020,794.200012,794.200012,1232100
2016,12,20,798.650024,793.270020,796.419983,796.419983,951000
2016,12,21,796.676025,787.099976,794.559998,794.559998,1211300
2016,12,22,793.320007,788.580017,791.260010,791.260010,972200
2016,12,23,792.739990,787.280029,789.909973,789.909973,623400
2016,12,27,797.859985,787.656982,791.549988,791.549988,789100
2016,12,28,794.229980,783.200012,785.049988,785.049988,1153800
2016,12,29,785.929993,778.919983,782.789978,782.789978,744300
2016,12,30,782.780029,770.409973,771.820007,771.820007,1770000
2017,1,3,789.630005,775.799988,786.140015,786.140015,1657300
2017,1,4,791.340027,783.159973,786.900024,786.900024,1073000
2017,1,5,794.479980,785.020020,794.020020,794.020020,1335200
2017,1,6,807.900024,792.203979,806.150024,806.150024,1640200
2017,1,9,809.966003,802.830017,806.650024,806.650024,1274600
2017,1,10,809.130005,803.510010,804.789978,804.789978,1176800
2017,1,11,808.150024,801.369995,807.909973,807.909973,1065900
2017,1,12,807.390015,799.169983,806.359985,806.359985,1353100
2017,1,13,811.223999,806.690002,807.880005,807.880005,1099200
2017,1,17,807.140015,800.369995,804.609985,804.609985,1362100
2017,1,18,806.205017,800.989990,806.070007,806.070007,1294400
2017,1,19,809.479980,801.799988,802.174988,802.174988,919300
2017,1,20,806.909973,801.690002,805.020020,805.020020,1670000
2017,1,23,820.869995,803.739990,819.309998,819.309998,1963600
2017,1,24,825.900024,817.820984,823.869995,823.869995,1474000
2017,1,25,835.770020,825.059998,835.669983,835.669983,1494500
2017,1,26,838.000000,827.010010,832.150024,832.150024,2973900
2017,1,27,841.950012,820.440002,823.309998,823.309998,2965800
2017,1,30,815.840027,799.799988,802.320007,802.320007,3246600
2017,1,31,801.250000,790.520020,796.789978,796.789978,2160600
2017,2,1,801.190002,791.190002,795.695007,795.695007,2029700
2017,2,2,802.700012,792.000000,798.530029,798.530029,1532100
2017,2,3,806.000000,800.369995,801.489990,801.489990,1463400
2017,2,6,801.669983,795.250000,801.340027,801.340027,1184500
2017,2,7,810.500000,801.780029,806.969971,806.969971,1241200
2017,2,8,811.840027,803.190002,808.380005,808.380005,1155300
2017,2,9,810.659973,804.539978,809.559998,809.559998,989700
2017,2,10,815.250000,809.780029,813.669983,813.669983,1135000
2017,2,13,820.958984,815.489990,819.239990,819.239990,1213300
2017,2,14,823.000000,816.000000,820.450012,820.450012,1054700
2017,2,15,823.000000,818.469971,818.979980,818.979980,1313600
2017,2,16,824.400024,818.979980,824.159973,824.159973,1287600
2017,2,17,828.070007,821.655029,828.070007,828.070007,1611000
2017,2,21,833.450012,828.349976,831.659973,831.659973,1262300
2017,2,22,833.250000,828.640015,830.760010,830.760010,982900
2017,2,23,832.460022,822.880005,831.330017,831.330017,1472800
2017,2,24,829.000000,824.200012,828.640015,828.640015,1392200
2017,2,27,830.500000,824.000000,829.280029,829.280029,1101500
2017,2,28,828.539978,820.200012,823.210022,823.210022,2260800
2017,3,1,836.255005,827.260010,835.239990,835.239990,1496500
2017,3,2,834.510010,829.640015,830.630005,830.630005,942500
2017,3,3,831.359985,825.750977,829.080017,829.080017,896400
2017,3,6,828.880005,822.400024,827.780029,827.780029,1109000
2017,3,7,833.409973,826.520020,831.909973,831.909973,1037600
2017,3,8,838.150024,831.789978,835.369995,835.369995,989800
2017,3,9,842.000000,834.210022,838.679993,838.679993,1261500
2017,3,10,844.909973,839.500000,843.250000,843.250000,1704000
2017,3,13,848.684998,843.250000,845.539978,845.539978,1223600
2017,3,14,847.239990,840.799988,845.619995,845.619995,779900
2017,3,15,848.630005,840.770020,847.200012,847.200012,1381500
2017,3,16,850.849976,846.130005,848.780029,848.780029,977600
2017,3,17,853.400024,847.109985,852.119995,852.119995,1712300
2017,3,20,850.219971,845.150024,848.400024,848.400024,1231500
2017,3,21,853.500000,829.020020,830.460022,830.460022,2463500
2017,3,22,835.549988,827.179993,829.590027,829.590027,1401500
2017,3,23,822.570007,812.257019,817.580017,817.580017,3487100
2017,3,24,821.929993,808.890015,814.429993,814.429993,1981000
2017,3,27,821.630005,803.369995,819.510010,819.510010,1894300
2017,3,28,825.989990,814.026978,820.919983,820.919983,1620500
2017,3,29,832.765015,822.380005,831.409973,831.409973,1786300
2017,3,30,833.679993,829.000000,831.500000,831.500000,1055300
2017,3,31,831.640015,827.390015,829.559998,829.559998,1401900
2017,4,3,840.849976,829.219971,838.549988,838.549988,1671500
2017,4,4,835.179993,829.036011,834.570007,834.570007,1045400
2017,4,5,842.450012,830.719971,831.409973,831.409973,1555300
2017,4,6,836.390015,826.460022,827.880005,827.880005,1254400
2017,4,7,828.484985,820.513000,824.669983,824.669983,1057300
2017,4,10,829.349976,823.770020,824.729980,824.729980,978900
2017,4,11,827.427002,817.020020,823.349976,823.349976,1079700
2017,4,12,826.659973,821.020020,824.320007,824.320007,900500
2017,4,13,826.380005,821.440002,823.559998,823.559998,1122400
2017,4,17,837.750000,824.469971,837.169983,837.169983,895000
2017,4,18,838.929993,832.710022,836.820007,836.820007,836700
2017,4,19,842.219971,836.289978,838.210022,838.210022,954200
2017,4,20,845.200012,839.320007,841.650024,841.650024,959000
2017,4,21,843.880005,840.599976,843.190002,843.190002,1323600
2017,4,24,863.450012,849.859985,862.760010,862.760010,1372500
2017,4,25,875.000000,862.809998,872.299988,872.299988,1672000
2017,4,26,876.049988,867.747986,871.729980,871.729980,1237200
2017,4,27,875.400024,870.380005,874.250000,874.250000,2026800
2017,4,28,916.849976,905.770020,905.960022,905.960022,3276300
2017,5,1,915.679993,901.450012,912.570007,912.570007,2116000
2017,5,2,920.770020,909.453003,916.440002,916.440002,1587200
2017,5,3,928.099976,912.543030,927.039978,927.039978,1499500
2017,5,4,935.929993,924.590027,931.659973,931.659973,1422100
2017,5,5,934.900024,925.200012,927.130005,927.130005,1911300
2017,5,8,936.924988,925.260010,934.299988,934.299988,1329800
2017,5,9,937.500000,929.530029,932.169983,932.169983,1581800
2017,5,10,932.000000,925.159973,928.780029,928.780029,1173900
2017,5,11,932.530029,923.030029,930.599976,930.599976,835000
2017,5,12,933.440002,927.849976,932.219971,932.219971,1050600
2017,5,15,938.250000,929.340027,937.080017,937.080017,1108100
2017,5,16,943.109985,937.580017,943.000000,943.000000,969500
2017,5,17,939.333008,918.140015,919.619995,919.619995,2362100
2017,5,18,933.169983,918.750000,930.239990,930.239990,1596900
2017,5,19,937.755005,931.000000,934.010010,934.010010,1393000
2017,5,22,941.882996,935.000000,941.859985,941.859985,1120400
2017,5,23,951.466980,942.575012,948.820007,948.820007,1270800
2017,5,24,955.090027,949.500000,954.960022,954.960022,1024800
2017,5,25,972.629028,955.469971,969.539978,969.539978,1660500
2017,5,26,974.979980,965.030029,971.469971,971.469971,1252000
2017,5,30,976.200012,969.489990,975.880005,975.880005,1466700
2017,5,31,979.270020,960.179993,964.859985,964.859985,2448100
2017,6,1,971.500000,960.010010,966.950012,966.950012,1410500
2017,6,2,975.880005,966.000000,975.599976,975.599976,1751000
2017,6,5,986.909973,975.099976,983.679993,983.679993,1252100
2017,6,6,988.250000,975.140015,976.570007,976.570007,1814600
2017,6,7,983.979980,975.940002,980.940002,980.940002,1453900
2017,6,8,984.570007,977.200012,983.409973,983.409973,1481900
2017,6,9,984.500000,935.630005,949.830017,949.830017,3309400
2017,6,12,949.354980,915.232971,942.900024,942.900024,3763500
2017,6,13,959.979980,944.090027,953.400024,953.400024,2013300
2017,6,14,961.150024,942.250000,950.760010,950.760010,1489700
2017,6,15,943.338989,924.440002,942.309998,942.309998,2133100
2017,6,16,942.039978,931.594971,939.780029,939.780029,3094700
2017,6,19,959.989990,949.049988,957.369995,957.369995,1533300
2017,6,20,961.619995,950.010010,950.630005,950.630005,1126000
2017,6,21,960.099976,950.760010,959.450012,959.450012,1202200
2017,6,22,960.719971,954.549988,957.090027,957.090027,941400
2017,6,23,966.000000,954.200012,965.590027,965.590027,1527900
2017,6,26,973.309998,950.789978,952.270020,952.270020,1598400
2017,6,27,948.289978,926.849976,927.330017,927.330017,2579900
2017,6,28,942.750000,916.000000,940.489990,940.489990,2721400
2017,6,29,931.260010,910.619995,917.789978,917.789978,3299200
2017,6,30,926.049988,908.309998,908.729980,908.729980,2090200
2017,7,3,913.940002,894.789978,898.700012,898.700012,1709800
2017,7,5,914.510010,898.500000,911.710022,911.710022,1813900
2017,7,6,914.943970,899.700012,906.690002,906.690002,1424500
2017,7,7,921.539978,908.849976,918.590027,918.590027,1637800
2017,7,10,930.380005,919.590027,928.799988,928.799988,1192800
2017,7,11,931.429993,922.000000,930.090027,930.090027,1113200
2017,7,12,946.299988,934.469971,943.830017,943.830017,1532100
2017,7,13,954.450012,943.010010,947.159973,947.159973,1294700
2017,7,14,956.909973,948.005005,955.989990,955.989990,1053800
2017,7,17,960.739990,949.241028,953.419983,953.419983,1165500
2017,7,18,968.039978,950.599976,965.400024,965.400024,1154000
2017,7,19,973.039978,964.030029,970.890015,970.890015,1224500
2017,7,20,975.900024,961.510010,968.150024,968.150024,1624500
2017,7,21,973.229980,960.150024,972.919983,972.919983,1711000
2017,7,24,986.200012,970.770020,980.340027,980.340027,3248300
2017,7,25,959.700012,945.400024,950.700012,950.700012,4661000
2017,7,26,955.000000,942.278992,947.799988,947.799988,2088300
2017,7,27,951.780029,920.000000,934.090027,934.090027,3213000
2017,7,28,943.830017,927.500000,941.530029,941.530029,1846400
2017,7,31,943.590027,926.039978,930.500000,930.500000,1970100
2017,8,1,937.447021,929.260010,930.830017,930.830017,1277700
2017,8,2,932.599976,916.679993,930.390015,930.390015,1824400
2017,8,3,932.239990,922.239990,923.650024,923.650024,1202500
2017,8,4,930.307007,923.030029,927.960022,927.960022,1082300
2017,8,7,931.700012,926.500000,929.359985,929.359985,1032200
2017,8,8,935.814026,925.609985,926.789978,926.789978,1061600
2017,8,9,925.979980,917.250000,922.900024,922.900024,1192100
2017,8,10,919.260010,906.130005,907.239990,907.239990,1824000
2017,8,11,917.780029,905.580017,914.390015,914.390015,1206800
2017,8,14,924.668030,918.190002,922.669983,922.669983,1064500
2017,8,15,926.549988,919.820007,922.219971,922.219971,883400
2017,8,16,932.700012,923.445007,926.960022,926.960022,1006700
2017,8,17,926.859985,910.979980,910.979980,910.979980,1277200
2017,8,18,915.275024,907.153992,910.669983,910.669983,1342700
2017,8,21,913.000000,903.400024,906.659973,906.659973,943400
2017,8,22,925.859985,911.474976,924.690002,924.690002,1166700
2017,8,23,929.929993,919.359985,927.000000,927.000000,1090200
2017,8,24,930.840027,915.500000,921.280029,921.280029,1270300
2017,8,25,925.554993,915.500000,915.890015,915.890015,1053400
2017,8,28,919.244995,911.869995,913.809998,913.809998,1086500
2017,8,29,923.330017,905.000000,921.289978,921.289978,1185600
2017,8,30,930.818970,919.650024,929.570007,929.570007,1301200
2017,8,31,941.979980,931.760010,939.330017,939.330017,1582600
2017,9,1,942.479980,935.150024,937.340027,937.340027,947400
2017,9,5,937.000000,921.960022,928.450012,928.450012,1326400
2017,9,6,930.914978,919.270020,927.809998,927.809998,1527700
2017,9,7,936.409973,923.619995,935.950012,935.950012,1212700
2017,9,8,936.989990,924.880005,926.500000,926.500000,1011500
2017,9,11,938.380005,926.919983,929.080017,929.080017,1267000
2017,9,12,933.479980,923.861023,932.070007,932.070007,1134400
2017,9,13,937.250000,929.859985,935.090027,935.090027,1102600
2017,9,14,932.770020,924.000000,925.109985,925.109985,1397600
2017,9,15,926.489990,916.359985,920.289978,920.289978,2505400
2017,9,18,922.080017,910.599976,915.000000,915.000000,1306900
2017,9,19,922.419983,912.549988,921.809998,921.809998,936700
2017,9,20,933.880005,922.000000,931.580017,931.580017,1669800
2017,9,21,936.530029,923.830017,932.450012,932.450012,1290600
2017,9,22,934.729980,926.479980,928.530029,928.530029,1052700
2017,9,25,926.400024,909.700012,920.969971,920.969971,1856800
2017,9,26,930.820007,921.140015,924.859985,924.859985,1666900
2017,9,27,949.900024,927.739990,944.489990,944.489990,2239400
2017,9,28,950.690002,940.549988,949.500000,949.500000,1020300
2017,9,29,959.786011,951.510010,959.109985,959.109985,1581000
2017,10,2,962.539978,947.840027,953.270020,953.270020,1283400
2017,10,3,958.000000,949.140015,957.789978,957.789978,888300
2017,10,4,960.390015,950.690002,951.679993,951.679993,952400
2017,10,5,970.909973,955.179993,969.960022,969.960022,1213800
2017,10,6,979.460022,963.359985,978.890015,978.890015,1173900
2017,10,9,985.424988,976.109985,977.000000,977.000000,891400
2017,10,10,981.570007,966.080017,972.599976,972.599976,968400
2017,10,11,990.710022,972.250000,989.250000,989.250000,1693300
2017,10,12,994.119995,985.000000,987.830017,987.830017,1262400
2017,10,13,997.210022,989.000000,989.679993,989.679993,1169800
2017,10,16,993.906982,984.000000,992.000000,992.000000,910500
2017,10,17,996.440002,988.590027,992.179993,992.179993,1290200
2017,10,18,996.719971,986.974976,992.809998,992.809998,1057600
2017,10,19,988.880005,978.390015,984.450012,984.450012,1313600
2017,10,20,991.000000,984.580017,988.200012,988.200012,1183200
2017,10,23,989.520020,966.119995,968.450012,968.450012,1478400
2017,10,24,972.229980,961.000000,970.539978,970.539978,1212200
2017,10,25,976.090027,960.520020,973.330017,973.330017,1211300
2017,10,26,987.599976,972.200012,972.559998,972.559998,2042100
2017,10,27,1048.390015,1008.200012,1019.270020,1019.270020,5167700
2017,10,30,1024.969971,1007.500000,1017.109985,1017.109985,2085100
2017,10,31,1024.000000,1010.419983,1016.640015,1016.640015,1330700
2017,11,1,1029.670044,1016.950012,1025.500000,1025.500000,1373400
2017,11,2,1028.089966,1013.010010,1025.579956,1025.579956,1049000
2017,11,3,1032.650024,1020.309998,1032.479980,1032.479980,1076400
2017,11,6,1034.869995,1025.000000,1025.900024,1025.900024,1125200
2017,11,7,1033.969971,1025.130005,1033.329956,1033.329956,1112300
2017,11,8,1043.521973,1028.449951,1039.849976,1039.849976,1088700
2017,11,9,1033.989990,1019.666016,1031.260010,1031.260010,1245200
2017,11,10,1030.760010,1025.280029,1028.069946,1028.069946,720000
2017,11,13,1031.579956,1022.570007,1025.750000,1025.750000,885800
2017,11,14,1026.810059,1014.150024,1026.000000,1026.000000,959200
2017,11,15,1024.089966,1015.419983,1020.909973,1020.909973,854000
2017,11,16,1035.920044,1022.520020,1032.500000,1032.500000,1129700
2017,11,17,1034.420044,1017.750000,1019.090027,1019.090027,1397100
2017,11,20,1022.609985,1017.500000,1018.380005,1018.380005,953500
2017,11,21,1035.109985,1022.655029,1034.489990,1034.489990,1097000
2017,11,22,1039.706055,1031.430054,1035.959961,1035.959961,746300
2017,11,24,1043.177979,1035.000000,1040.609985,1040.609985,537000
2017,11,27,1055.459961,1038.439941,1054.209961,1054.209961,1307900
2017,11,28,1062.375000,1040.000000,1047.410034,1047.410034,1424400
2017,11,29,1044.079956,1015.650024,1021.659973,1021.659973,2459400
2017,11,30,1028.489990,1015.000000,1021.409973,1021.409973,1724000
2017,12,1,1022.489990,1002.020020,1010.169983,1010.169983,1909600
2017,12,4,1016.099976,995.570007,998.679993,998.679993,1906400
2017,12,5,1020.609985,988.280029,1005.150024,1005.150024,2067300
2017,12,6,1024.969971,1001.140015,1018.380005,1018.380005,1272000
2017,12,7,1034.239990,1018.070984,1030.930054,1030.930054,1458200
2017,12,8,1042.050049,1032.521973,1037.050049,1037.050049,1290800
2017,12,11,1043.800049,1032.050049,1041.099976,1041.099976,1192800
2017,12,12,1050.310059,1033.689941,1040.479980,1040.479980,1279500
2017,12,13,1046.665039,1038.380005,1040.609985,1040.609985,1282700
2017,12,14,1058.500000,1043.109985,1049.150024,1049.150024,1558700
2017,12,15,1067.619995,1049.500000,1064.189941,1064.189941,3275900
2017,12,18,1078.489990,1062.000000,1077.140015,1077.140015,1554600
2017,12,19,1076.839966,1063.550049,1070.680054,1070.680054,1338700
2017,12,20,1073.380005,1061.520020,1064.949951,1064.949951,1268600
2017,12,21,1069.329956,1061.793945,1063.630005,1063.630005,995700
2017,12,22,1064.199951,1059.439941,1060.119995,1060.119995,755100
2017,12,26,1060.119995,1050.199951,1056.739990,1056.739990,760600
2017,12,27,1058.369995,1048.050049,1049.369995,1049.369995,1271900
2017,12,28,1054.750000,1044.770020,1048.140015,1048.140015,837100
2017,12,29,1049.699951,1044.900024,1046.400024,1046.400024,887500
2018,1,2,1066.939941,1045.229980,1065.000000,1065.000000,1237600
2018,1,3,1086.290039,1063.209961,1082.479980,1082.479980,1430200
2018,1,4,1093.569946,1084.001953,1086.400024,1086.400024,1004600
2018,1,5,1104.250000,1092.000000,1102.229980,1102.229980,1279100
2018,1,8,1111.270020,1101.619995,1106.939941,1106.939941,1047600
2018,1,9,1110.569946,1101.230957,1106.260010,1106.260010,902500
2018,1,10,1104.599976,1096.109985,1102.609985,1102.609985,1042800
2018,1,11,1106.525024,1099.589966,1105.520020,1105.520020,978300
2018,1,12,1124.290039,1101.150024,1122.260010,1122.260010,1720500
2018,1,16,1139.910034,1117.832031,1121.760010,1121.760010,1575300
2018,1,17,1132.599976,1117.010010,1131.979980,1131.979980,1202600
2018,1,18,1132.510010,1117.500000,1129.790039,1129.790039,1198200
2018,1,19,1137.859985,1128.300049,1137.510010,1137.510010,1778200
2018,1,22,1159.880005,1135.109985,1155.810059,1155.810059,1618000
2018,1,23,1171.626953,1158.750000,1169.969971,1169.969971,1333100
2018,1,24,1179.859985,1161.050049,1164.239990,1164.239990,1416600
2018,1,25,1175.939941,1162.760010,1170.369995,1170.369995,1480500
2018,1,26,1175.839966,1158.109985,1175.839966,1175.839966,2018800
2018,1,29,1186.890015,1171.979980,1175.579956,1175.579956,1378900
2018,1,30,1176.520020,1163.520020,1163.689941,1163.689941,1556300
2018,1,31,1173.000000,1159.130005,1169.939941,1169.939941,1538700
2018,2,1,1174.000000,1157.520020,1167.699951,1167.699951,2412100
2018,2,2,1123.069946,1107.277954,1111.900024,1111.900024,4857900
2018,2,5,1110.000000,1052.030029,1055.800049,1055.800049,3798300
2018,2,6,1081.709961,1023.137024,1080.599976,1080.599976,3448000
2018,2,7,1081.780029,1048.260010,1048.579956,1048.579956,2369200
2018,2,8,1058.619995,1000.659973,1001.520020,1001.520020,2859100
2018,2,9,1043.969971,992.559998,1037.780029,1037.780029,3505900
2018,2,12,1061.500000,1040.927979,1051.939941,1051.939941,2057700
2018,2,13,1058.369995,1044.087036,1052.099976,1052.099976,1265100
2018,2,14,1071.719971,1046.750000,1069.699951,1069.699951,1555800
2018,2,15,1091.479004,1064.339966,1089.520020,1089.520020,1843400
2018,2,16,1104.670044,1088.312988,1094.800049,1094.800049,1679500
2018,2,20,1113.949951,1088.520020,1102.459961,1102.459961,1423100
2018,2,21,1133.969971,1106.329956,1111.339966,1111.339966,1512900
2018,2,22,1122.819946,1102.589966,1106.630005,1106.630005,1317200
2018,2,23,1127.280029,1104.713989,1126.790039,1126.790039,1261000
2018,2,26,1143.959961,1126.694946,1143.750000,1143.750000,1559100
2018,2,27,1144.040039,1118.000000,1118.290039,1118.290039,1774100
2018,2,28,1127.530029,1103.239990,1104.729980,1104.729980,1882600
2018,3,1,1110.119995,1067.000977,1069.520020,1069.520020,2515900
2018,3,2,1081.999023,1048.114990,1078.920044,1078.920044,2271600
2018,3,5,1097.099976,1069.000000,1090.930054,1090.930054,1202200
2018,3,6,1101.849976,1089.775024,1095.060059,1095.060059,1532800
2018,3,7,1112.219971,1085.482056,1109.640015,1109.640015,1292500
2018,3,8,1127.599976,1112.800049,1126.000000,1126.000000,1355100
2018,3,9,1160.800049,1132.461060,1160.040039,1160.040039,2128000
2018,3,12,1177.050049,1157.420044,1164.500000,1164.500000,2172300
2018,3,13,1176.760010,1133.329956,1138.170044,1138.170044,1907200
2018,3,14,1158.589966,1141.439941,1149.489990,1149.489990,1291400
2018,3,15,1161.079956,1134.540039,1149.579956,1149.579956,1395400
2018,3,16,1155.880005,1131.959961,1135.729980,1135.729980,3092000
2018,3,19,1121.989990,1089.010010,1099.819946,1099.819946,2805900
2018,3,20,1105.199951,1083.459961,1097.709961,1097.709961,1831900
2018,3,21,1106.300049,1085.150024,1090.880005,1090.880005,1878900
2018,3,22,1082.900024,1045.910034,1049.079956,1049.079956,2667000
2018,3,23,1063.359985,1021.219971,1021.570007,1021.570007,2156700
2018,3,26,1055.630005,1008.400024,1053.209961,1053.209961,2665100
2018,3,27,1064.838989,996.919983,1005.099976,1005.099976,3095300
2018,3,28,1024.229980,980.640015,1004.559998,1004.559998,3369300
2018,3,29,1043.000000,1002.900024,1031.790039,1031.790039,2726800
2018,4,2,1034.800049,990.369995,1006.469971,1006.469971,2680400
2018,4,3,1020.989990,994.070007,1013.409973,1013.409973,2275100
2018,4,4,1028.718018,993.000000,1025.140015,1025.140015,2484700
2018,4,5,1042.790039,1020.130981,1027.810059,1027.810059,1363000
2018,4,6,1031.420044,1003.030029,1007.039978,1007.039978,1746400
2018,4,9,1039.599976,1014.080017,1015.450012,1015.450012,1751600
2018,4,10,1036.280029,1011.340027,1031.640015,1031.640015,1974500
2018,4,11,1031.364014,1015.869995,1019.969971,1019.969971,1483900
2018,4,12,1040.689941,1021.434998,1032.510010,1032.510010,1357000
2018,4,13,1046.420044,1022.979980,1029.270020,1029.270020,1223000
2018,4,16,1043.239990,1026.739990,1037.979980,1037.979980,1211200
2018,4,17,1077.880005,1048.260010,1074.160034,1074.160034,2320300
2018,4,18,1077.430054,1066.224976,1072.079956,1072.079956,1344100
2018,4,19,1094.165039,1068.180054,1087.699951,1087.699951,1747700
2018,4,20,1092.349976,1069.569946,1072.959961,1072.959961,1889700
2018,4,23,1082.719971,1060.699951,1067.449951,1067.449951,2341300
2018,4,24,1057.000000,1010.590027,1019.979980,1019.979980,4760300
2018,4,25,1032.489990,1015.309998,1021.179993,1021.179993,2391100
2018,4,26,1047.979980,1018.190002,1040.040039,1040.040039,2079500
2018,4,27,1049.500000,1025.589966,1030.050049,1030.050049,1619800
2018,4,30,1037.000000,1016.849976,1017.330017,1017.330017,1671300
2018,5,1,1038.469971,1008.210022,1037.310059,1037.310059,1427900
2018,5,2,1040.389038,1022.869995,1024.380005,1024.380005,1603100
2018,5,3,1029.675049,1006.289978,1023.719971,1023.719971,1815100
2018,5,4,1048.510010,1016.900024,1048.209961,1048.209961,1938700
2018,5,7,1061.680054,1047.099976,1054.790039,1054.790039,1466100
2018,5,8,1060.550049,1047.145020,1053.910034,1053.910034,1217700
2018,5,9,1085.439941,1056.364990,1082.760010,1082.760010,2032800
2018,5,10,1100.439941,1085.640015,1097.569946,1097.569946,1443000
2018,5,11,1101.329956,1090.910034,1098.260010,1098.260010,1253700
2018,5,14,1110.750000,1099.109985,1100.199951,1100.199951,1518100
2018,5,15,1090.050049,1073.469971,1079.229980,1079.229980,1494900
2018,5,16,1089.270020,1076.260010,1081.770020,1081.770020,1097300
2018,5,17,1086.869995,1073.500000,1078.589966,1078.589966,1043800
2018,5,18,1069.939941,1060.680054,1066.359985,1066.359985,1565200
2018,5,21,1088.000000,1073.650024,1079.579956,1079.579956,1023200
2018,5,22,1086.589966,1066.689941,1069.729980,1069.729980,1090000
2018,5,23,1080.780029,1061.709961,1079.689941,1079.689941,1060700
2018,5,24,1080.469971,1066.150024,1079.239990,1079.239990,766800
2018,5,25,1082.560059,1073.775024,1075.660034,1075.660034,899400
2018,5,29,1073.369995,1055.219971,1060.319946,1060.319946,1865100
2018,5,30,1069.209961,1056.829956,1067.800049,1067.800049,1138500
2018,5,31,1097.189941,1067.560059,1084.989990,1084.989990,3088300
2018,6,1,1120.000000,1098.500000,1119.500000,1119.500000,2421600
2018,6,4,1141.890015,1122.005005,1139.290039,1139.290039,1889600
2018,6,5,1145.738037,1133.189941,1139.660034,1139.660034,1678000
2018,6,6,1143.000000,1125.743042,1136.880005,1136.880005,1698200
2018,6,7,1135.819946,1116.520020,1123.859985,1123.859985,1520000
2018,6,8,1126.670044,1112.150024,1120.869995,1120.869995,1290800
2018,6,11,1137.260010,1118.599976,1129.989990,1129.989990,1079300
2018,6,12,1139.790039,1130.734985,1139.319946,1139.319946,912000
2018,6,13,1146.500000,1133.380005,1134.790039,1134.790039,1506400
2018,6,14,1155.469971,1140.640015,1152.119995,1152.119995,1343400
2018,6,15,1153.420044,1143.484985,1152.260010,1152.260010,2122500
2018,6,18,1174.310059,1143.589966,1173.459961,1173.459961,1413700
2018,6,19,1171.270020,1154.010010,1168.060059,1168.060059,1621000
2018,6,20,1186.286011,1169.160034,1169.839966,1169.839966,1648500
2018,6,21,1177.295044,1152.232056,1157.660034,1157.660034,1238100
2018,6,22,1162.496948,1147.260010,1155.479980,1155.479980,1311000
2018,6,25,1143.910034,1112.780029,1124.810059,1124.810059,2157300
2018,6,26,1133.209961,1116.659058,1118.459961,1118.459961,1563200
2018,6,27,1131.836060,1103.619995,1103.979980,1103.979980,1293900
2018,6,28,1122.310059,1096.010010,1114.219971,1114.219971,1072400
2018,6,29,1128.227051,1115.000000,1115.650024,1115.650024,1315100
2018,7,2,1128.000000,1093.800049,1127.459961,1127.459961,1217300
2018,7,3,1135.819946,1100.020020,1102.890015,1102.890015,679000
2018,7,5,1127.500000,1108.479980,1124.270020,1124.270020,1066700
2018,7,6,1140.930054,1120.737061,1140.170044,1140.170044,996100
2018,7,9,1154.670044,1143.420044,1154.050049,1154.050049,909000
2018,7,10,1159.589966,1149.589966,1152.839966,1152.839966,798400
2018,7,11,1164.290039,1141.000000,1153.900024,1153.900024,1120000
2018,7,12,1184.410034,1155.935059,1183.479980,1183.479980,1251900
2018,7,13,1195.416992,1180.000000,1188.819946,1188.819946,1221900
2018,7,16,1191.000000,1179.280029,1183.859985,1183.859985,1055700
2018,7,17,1203.040039,1170.599976,1198.800049,1198.800049,1610400
2018,7,18,1204.500000,1190.339966,1195.880005,1195.880005,1393600
2018,7,19,1200.000000,1183.319946,1186.959961,1186.959961,1276700
2018,7,20,1196.859985,1184.219971,1184.910034,1184.910034,1247400
2018,7,23,1206.489990,1181.000000,1205.500000,1205.500000,2619200
2018,7,24,1266.000000,1235.560059,1248.079956,1248.079956,3318200
2018,7,25,1265.859985,1239.130005,1263.699951,1263.699951,2127800
2018,7,26,1269.770996,1249.020020,1268.329956,1268.329956,2405600
2018,7,27,1273.890015,1231.000000,1238.500000,1238.500000,2130600
2018,7,30,1234.916016,1211.469971,1219.739990,1219.739990,1849900
2018,7,31,1227.588013,1205.599976,1217.260010,1217.260010,1644700
2018,8,1,1233.469971,1210.209961,1220.010010,1220.010010,1567200
2018,8,2,1229.880005,1204.790039,1226.150024,1226.150024,1531300
2018,8,3,1230.000000,1215.060059,1223.709961,1223.709961,1089600
2018,8,6,1226.088013,1215.796997,1224.770020,1224.770020,1081700
2018,8,7,1251.170044,1236.170044,1242.219971,1242.219971,1494000
2018,8,8,1256.500000,1238.008057,1245.609985,1245.609985,1370300
2018,8,9,1255.541992,1246.010010,1249.099976,1249.099976,848600
2018,8,10,1245.694946,1232.000000,1237.609985,1237.609985,1108700
2018,8,13,1249.272949,1233.640991,1235.010010,1235.010010,997300
2018,8,14,1245.869995,1225.109985,1242.099976,1242.099976,1348100
2018,8,15,1235.239990,1209.510010,1214.380005,1214.380005,1828800
2018,8,16,1226.000000,1202.550049,1206.489990,1206.489990,1343200
2018,8,17,1209.020020,1188.239990,1200.959961,1200.959961,1389600
2018,8,20,1211.000000,1194.625977,1207.770020,1207.770020,870800
2018,8,21,1217.260010,1200.354004,1201.619995,1201.619995,1205600
2018,8,22,1211.839966,1199.000000,1207.329956,1207.329956,887400
2018,8,23,1221.280029,1204.239990,1205.380005,1205.380005,992600
2018,8,24,1221.650024,1206.359009,1220.650024,1220.650024,946600
2018,8,27,1243.089966,1225.715942,1241.819946,1241.819946,1156300
2018,8,28,1242.545044,1228.689941,1231.150024,1231.150024,1304000
2018,8,29,1250.660034,1236.359009,1249.300049,1249.300049,1298900
2018,8,30,1253.635010,1232.589966,1239.119995,1239.119995,1331400
2018,8,31,1238.660034,1211.285034,1218.189941,1218.189941,1816400
2018,9,4,1212.989990,1192.500000,1197.000000,1197.000000,1831000
2018,9,5,1199.010010,1162.000000,1186.479980,1186.479980,2061300
2018,9,6,1186.300049,1152.000000,1171.439941,1171.439941,1888500
2018,9,7,1175.260010,1157.214966,1164.829956,1164.829956,1401300
2018,9,10,1174.540039,1160.109985,1164.640015,1164.640015,1115400
2018,9,11,1178.680054,1156.239990,1177.359985,1177.359985,1209300
2018,9,12,1178.609985,1158.359985,1162.819946,1162.819946,1295500
2018,9,13,1178.609985,1162.849976,1175.329956,1175.329956,1431200
2018,9,14,1180.425049,1168.329956,1172.530029,1172.530029,944000
2018,9,17,1177.239990,1154.030029,1156.050049,1156.050049,1306500
2018,9,18,1176.079956,1157.089966,1161.219971,1161.219971,1203600
2018,9,19,1173.209961,1154.579956,1171.089966,1171.089966,1191400
2018,9,20,1189.890015,1173.359985,1186.869995,1186.869995,1225400
2018,9,21,1192.209961,1166.040039,1166.089966,1166.089966,4405600
2018,9,24,1178.000000,1146.910034,1173.369995,1173.369995,1271000
2018,9,25,1186.880005,1168.000000,1184.650024,1184.650024,977700
2018,9,26,1194.229980,1174.765015,1180.489990,1180.489990,1462300
2018,9,27,1202.099976,1183.630005,1194.640015,1194.640015,1260800
2018,9,28,1195.410034,1184.500000,1193.469971,1193.469971,1380600
2018,10,1,1209.900024,1190.300049,1195.310059,1195.310059,1357600
2018,10,2,1209.959961,1186.630005,1200.109985,1200.109985,1687900
2018,10,3,1206.410034,1193.829956,1202.949951,1202.949951,1256200
2018,10,4,1197.510010,1155.576050,1168.189941,1168.189941,2209500
2018,10,5,1173.500000,1145.119995,1157.349976,1157.349976,1184300
2018,10,8,1168.000000,1127.364014,1148.969971,1148.969971,1932400
2018,10,9,1154.349976,1137.572021,1138.819946,1138.819946,1308700
2018,10,10,1132.170044,1081.130005,1081.219971,1081.219971,2675700
2018,10,11,1106.400024,1068.270020,1079.319946,1079.319946,2949000
2018,10,12,1115.000000,1086.401978,1110.079956,1110.079956,2101300
2018,10,15,1113.446045,1089.000000,1092.250000,1092.250000,1372400
2018,10,16,1124.219971,1102.500000,1121.280029,1121.280029,1928500
2018,10,17,1128.989990,1102.189941,1115.689941,1115.689941,1467200
2018,10,18,1121.839966,1077.089966,1087.969971,1087.969971,2094500
2018,10,19,1110.359985,1087.750000,1096.459961,1096.459961,1267600
2018,10,22,1112.229980,1091.000000,1101.160034,1101.160034,1514200
2018,10,23,1107.890015,1070.000000,1103.689941,1103.689941,1848700
2018,10,24,1106.119995,1048.739990,1050.709961,1050.709961,1982400
2018,10,25,1110.979980,1069.550049,1095.569946,1095.569946,2545800
2018,10,26,1106.530029,1034.089966,1071.469971,1071.469971,4187600
2018,10,29,1097.040039,995.830017,1020.080017,1020.080017,3880700
2018,10,30,1037.489990,1000.750000,1036.209961,1036.209961,3212700
2018,10,31,1091.939941,1057.000000,1076.770020,1076.770020,2529800
2018,11,1,1083.974976,1062.459961,1070.000000,1070.000000,1482000
2018,11,2,1082.974976,1054.609985,1057.790039,1057.790039,1839000
2018,11,5,1058.469971,1021.239990,1040.089966,1040.089966,2441400
2018,11,6,1064.344971,1038.069946,1055.810059,1055.810059,1233300
2018,11,7,1095.459961,1065.900024,1093.390015,1093.390015,2058400
2018,11,8,1093.270020,1072.204956,1082.400024,1082.400024,1488200
2018,11,9,1075.560059,1053.109985,1066.150024,1066.150024,1343200
2018,11,12,1062.119995,1031.000000,1038.630005,1038.630005,1471800
2018,11,13,1056.604980,1031.150024,1036.050049,1036.050049,1513700
2018,11,14,1054.563965,1031.000000,1043.660034,1043.660034,1565900
2018,11,15,1071.849976,1031.780029,1064.709961,1064.709961,1836100
2018,11,16,1067.000000,1048.979980,1061.489990,1061.489990,1658100
2018,11,19,1060.790039,1016.260010,1020.000000,1020.000000,1858600
2018,11,20,1031.739990,996.020020,1025.760010,1025.760010,2449100
2018,11,21,1048.560059,1033.469971,1037.609985,1037.609985,1534300
2018,11,23,1037.589966,1022.398987,1023.880005,1023.880005,691500
2018,11,26,1049.310059,1033.910034,1048.619995,1048.619995,1942800
2018,11,27,1057.579956,1038.489990,1044.410034,1044.410034,1803200
2018,11,28,1086.839966,1035.760010,1086.229980,1086.229980,2475400
2018,11,29,1094.244995,1076.000000,1088.300049,1088.300049,1468900
2018,11,30,1095.569946,1077.880005,1094.430054,1094.430054,2580200
2018,12,3,1124.650024,1103.665039,1106.430054,1106.430054,1991200
2018,12,4,1104.420044,1049.979980,1050.819946,1050.819946,2345200
2018,12,6,1071.199951,1030.770020,1068.729980,1068.729980,2769200
2018,12,7,1075.260010,1028.500000,1036.579956,1036.579956,2101200
2018,12,10,1048.449951,1023.289978,1039.550049,1039.550049,1807700
2018,12,11,1060.599976,1039.839966,1051.750000,1051.750000,1394700
2018,12,12,1081.650024,1062.790039,1063.680054,1063.680054,1523800
2018,12,13,1079.760010,1053.930054,1061.900024,1061.900024,1329800
2018,12,14,1062.599976,1040.790039,1042.099976,1042.099976,1686600
2018,12,17,1053.150024,1007.900024,1016.530029,1016.530029,2385400
2018,12,18,1049.479980,1021.440002,1028.709961,1028.709961,2192500
2018,12,19,1062.000000,1008.049988,1023.010010,1023.010010,2479300
2018,12,20,1034.219971,996.359985,1009.409973,1009.409973,2673500
2018,12,21,1024.020020,973.690002,979.539978,979.539978,4596000
2018,12,24,1003.539978,970.109985,976.219971,976.219971,1590300
2018,12,26,1040.000000,983.000000,1039.459961,1039.459961,2373300
2018,12,27,1043.890015,997.000000,1043.880005,1043.880005,2109800
2018,12,28,1055.560059,1033.099976,1037.079956,1037.079956,1414800
2018,12,31,1052.699951,1023.590027,1035.609985,1035.609985,1493300
2019,1,2,1052.319946,1015.710022,1045.849976,1045.849976,1532600
2019,1,3,1056.979980,1014.070007,1016.059998,1016.059998,1841100
2019,1,4,1070.839966,1027.417969,1070.709961,1070.709961,2093900
2019,1,7,1074.000000,1054.760010,1068.390015,1068.390015,1981900
2019,1,8,1084.560059,1060.530029,1076.280029,1076.280029,1764900
2019,1,9,1082.630005,1066.400024,1074.660034,1074.660034,1199300
2019,1,10,1071.150024,1057.709961,1070.329956,1070.329956,1456400
2019,1,11,1063.775024,1048.479980,1057.189941,1057.189941,1520800
2019,1,14,1051.530029,1041.255005,1044.689941,1044.689941,1144300
2019,1,15,1080.050049,1047.339966,1077.150024,1077.150024,1463600
2019,1,16,1092.375000,1079.339966,1080.969971,1080.969971,1331800
2019,1,17,1091.800049,1073.500000,1089.900024,1089.900024,1242700
2019,1,18,1108.352051,1090.900024,1098.260010,1098.260010,1955600
2019,1,22,1091.510010,1063.469971,1070.520020,1070.520020,1613500
2019,1,23,1084.930054,1059.750000,1075.569946,1075.569946,967000
2019,1,24,1079.474976,1060.699951,1073.900024,1073.900024,1361300
2019,1,25,1094.000000,1081.819946,1090.989990,1090.989990,1119100
2019,1,28,1083.000000,1063.800049,1070.079956,1070.079956,1284300
2019,1,29,1075.150024,1055.864990,1060.619995,1060.619995,1021800
2019,1,30,1091.000000,1066.849976,1089.060059,1089.060059,1279800
2019,1,31,1117.329956,1095.410034,1116.369995,1116.369995,1538300
2019,2,1,1125.000000,1104.890015,1110.750000,1110.750000,1462200
2019,2,4,1132.800049,1109.020020,1132.800049,1132.800049,2576500
2019,2,5,1146.849976,1117.248047,1145.989990,1145.989990,3552200
2019,2,6,1147.000000,1112.770020,1115.229980,1115.229980,2105600
2019,2,7,1104.839966,1086.000000,1098.709961,1098.709961,2044800
2019,2,8,1098.910034,1086.550049,1095.060059,1095.060059,1075800
2019,2,11,1105.944946,1092.859985,1095.010010,1095.010010,1065200
2019,2,12,1125.295044,1105.849976,1121.369995,1121.369995,1609100
2019,2,13,1134.729980,1118.500000,1120.160034,1120.160034,1049800
2019,2,14,1128.229980,1110.444946,1121.670044,1121.670044,947600
2019,2,15,1131.670044,1110.650024,1113.650024,1113.650024,1449800
2019,2,19,1121.890015,1110.000000,1118.560059,1118.560059,1046400
2019,2,20,1123.410034,1105.280029,1113.800049,1113.800049,1087800
2019,2,21,1111.939941,1092.520020,1096.969971,1096.969971,1415100
2019,2,22,1111.239990,1095.599976,1110.369995,1110.369995,1049500
2019,2,25,1118.540039,1107.270020,1109.400024,1109.400024,1413100
2019,2,26,1119.510010,1099.920044,1115.130005,1115.130005,1471300
2019,2,27,1117.979980,1101.000000,1116.050049,1116.050049,968400
2019,2,28,1127.650024,1111.010010,1119.920044,1119.920044,1542500
2019,3,1,1142.969971,1124.750000,1140.989990,1140.989990,1450300
2019,3,4,1158.280029,1130.689941,1147.800049,1147.800049,1446000
2019,3,5,1169.609985,1146.194946,1162.030029,1162.030029,1443200
2019,3,6,1167.566040,1155.489990,1157.859985,1157.859985,1099300
2019,3,7,1156.755005,1134.910034,1143.300049,1143.300049,1166600
2019,3,8,1147.079956,1123.300049,1142.319946,1142.319946,1212400
2019,3,11,1176.189941,1144.449951,1175.760010,1175.760010,1719200
2019,3,12,1200.000000,1178.260010,1193.199951,1193.199951,2013100
2019,3,13,1200.930054,1191.939941,1193.319946,1193.319946,1435900
2019,3,14,1197.880005,1184.479980,1185.550049,1185.550049,1172800
2019,3,15,1196.569946,1182.609985,1184.459961,1184.459961,2461800
2019,3,18,1190.000000,1177.421021,1184.260010,1184.260010,1292600
2019,3,19,1200.000000,1185.869995,1198.849976,1198.849976,1520700
2019,3,20,1227.140015,1196.170044,1223.969971,1223.969971,2227400
2019,3,21,1231.790039,1213.150024,1231.540039,1231.540039,1204000
2019,3,22,1230.000000,1202.824951,1205.500000,1205.500000,1714200
2019,3,25,1206.397949,1187.040039,1193.000000,1193.000000,1496800
2019,3,26,1202.829956,1176.719971,1184.619995,1184.619995,1901200
2019,3,27,1187.558960,1159.369995,1173.020020,1173.020020,1400200
2019,3,28,1171.564941,1159.431030,1168.489990,1168.489990,1012400
2019,3,29,1178.989990,1162.880005,1173.310059,1173.310059,1269900
2019,4,1,1196.660034,1182.000000,1194.430054,1194.430054,1252500
2019,4,2,1201.349976,1185.709961,1200.489990,1200.489990,827900
2019,4,3,1216.300049,1200.500000,1205.920044,1205.920044,1017800
2019,4,4,1215.670044,1204.130005,1215.000000,1215.000000,950000
2019,4,5,1216.219971,1205.030029,1207.150024,1207.150024,907200
2019,4,8,1208.689941,1199.859985,1203.839966,1203.839966,860200
2019,4,9,1202.290039,1193.079956,1197.250000,1197.250000,876400
2019,4,10,1203.785034,1196.435059,1202.160034,1202.160034,724600
2019,4,11,1207.959961,1200.130005,1204.619995,1204.619995,710200
2019,4,12,1218.349976,1208.109985,1217.869995,1217.869995,933400
2019,4,15,1224.199951,1209.109985,1221.099976,1221.099976,1187400
2019,4,16,1230.819946,1220.119995,1227.130005,1227.130005,856300
2019,4,17,1240.560059,1227.819946,1236.339966,1236.339966,1221900
2019,4,18,1242.000000,1234.609985,1236.369995,1236.369995,1331800
2019,4,22,1249.089966,1228.310059,1248.839966,1248.839966,807300
2019,4,23,1269.000000,1246.380005,1264.550049,1264.550049,1319900
2019,4,24,1268.010010,1255.000000,1256.000000,1256.000000,1018800
2019,4,25,1267.407959,1252.030029,1263.449951,1263.449951,1107300
2019,4,26,1273.069946,1260.319946,1272.180054,1272.180054,1241400
2019,4,29,1289.270020,1266.295044,1287.579956,1287.579956,2499400
2019,4,30,1192.810059,1175.000000,1188.479980,1188.479980,6207000
2019,5,1,1188.050049,1167.180054,1168.079956,1168.079956,2639200
2019,5,2,1174.189941,1155.001953,1162.609985,1162.609985,1944800
2019,5,3,1186.800049,1169.000000,1185.400024,1185.400024,1980700
2019,5,6,1190.849976,1166.260010,1189.390015,1189.390015,1563900
2019,5,7,1190.439941,1161.040039,1174.099976,1174.099976,1551400
2019,5,8,1180.423950,1165.739990,1166.270020,1166.270020,1309300
2019,5,9,1169.660034,1150.849976,1162.380005,1162.380005,1185700
2019,5,10,1172.599976,1142.500000,1164.270020,1164.270020,1314500
2019,5,13,1147.939941,1122.109985,1132.030029,1132.030029,1860600
2019,5,14,1140.420044,1119.550049,1120.439941,1120.439941,1836600
2019,5,15,1171.329956,1116.666016,1164.209961,1164.209961,2289300
2019,5,16,1188.160034,1162.839966,1178.979980,1178.979980,1531400
2019,5,17,1180.150024,1160.010010,1162.300049,1162.300049,1208600
2019,5,20,1146.796997,1131.442993,1138.849976,1138.849976,1353300
2019,5,21,1152.708008,1137.939941,1149.630005,1149.630005,1159800
2019,5,22,1158.520020,1145.890015,1151.420044,1151.420044,914500
2019,5,23,1145.973022,1129.223999,1140.770020,1140.770020,1198900
2019,5,24,1149.765015,1131.660034,1133.469971,1133.469971,1112000
2019,5,28,1151.587036,1133.119995,1134.150024,1134.150024,1365000
2019,5,29,1129.099976,1108.219971,1116.459961,1116.459961,1538200
2019,5,30,1123.130005,1112.119995,1117.949951,1117.949951,951900
2019,5,31,1109.599976,1100.180054,1103.630005,1103.630005,1507800
2019,6,3,1065.500000,1025.000000,1036.229980,1036.229980,5130600
2019,6,4,1056.050049,1033.689941,1053.050049,1053.050049,2833500
2019,6,5,1053.550049,1030.489990,1042.219971,1042.219971,2168400
2019,6,6,1047.489990,1033.699951,1044.339966,1044.339966,1703200
2019,6,7,1070.920044,1048.400024,1066.040039,1066.040039,1802400
2019,6,10,1092.660034,1072.322021,1080.380005,1080.380005,1464200
2019,6,11,1101.989990,1077.603027,1078.719971,1078.719971,1436700
2019,6,12,1080.930054,1067.540039,1077.030029,1077.030029,1061000
2019,6,13,1094.170044,1080.150024,1088.770020,1088.770020,1057700
2019,6,14,1092.689941,1080.171997,1085.349976,1085.349976,1111500
2019,6,17,1099.180054,1086.280029,1092.500000,1092.500000,941600
2019,6,18,1116.390015,1098.989990,1103.599976,1103.599976,1386700
2019,6,19,1107.000000,1093.479980,1102.329956,1102.329956,1338800
2019,6,20,1120.119995,1104.739990,1111.420044,1111.420044,1262000
2019,6,21,1124.109985,1108.079956,1121.880005,1121.880005,1947600
2019,6,24,1122.000000,1111.010010,1115.520020,1115.520020,1395600
2019,6,25,1114.349976,1083.800049,1086.349976,1086.349976,1546900
2019,6,26,1092.969971,1072.239990,1079.800049,1079.800049,1810900
2019,6,27,1087.099976,1075.290039,1076.010010,1076.010010,1004300
2019,6,28,1081.000000,1073.369995,1080.910034,1080.910034,1693200
2019,7,1,1107.579956,1093.703003,1097.949951,1097.949951,1436300
2019,7,2,1111.770020,1098.170044,1111.250000,1111.250000,991600
2019,7,3,1126.760010,1113.859985,1121.579956,1121.579956,767000
2019,7,5,1132.880005,1116.140015,1131.589966,1131.589966,1264300
2019,7,8,1125.979980,1111.209961,1116.349976,1116.349976,1236400
2019,7,9,1128.025024,1107.170044,1124.829956,1124.829956,1330400
2019,7,10,1142.050049,1130.969971,1140.479980,1140.479980,1209500
2019,7,11,1153.069946,1139.579956,1144.209961,1144.209961,1195500
2019,7,12,1147.339966,1138.780029,1144.900024,1144.900024,864000
2019,7,15,1150.819946,1139.400024,1150.339966,1150.339966,903800
2019,7,16,1158.579956,1145.000000,1153.579956,1153.579956,1238800
2019,7,17,1158.359985,1145.770020,1146.349976,1146.349976,1170000
2019,7,18,1147.604980,1132.729980,1146.329956,1146.329956,1291300
2019,7,19,1151.140015,1129.619995,1130.099976,1130.099976,1647200
2019,7,22,1139.250000,1124.239990,1138.069946,1138.069946,1301500
2019,7,23,1146.900024,1131.800049,1146.209961,1146.209961,1093700
2019,7,24,1144.000000,1126.989990,1137.810059,1137.810059,1589800
2019,7,25,1141.699951,1120.920044,1132.119995,1132.119995,2209800
2019,7,26,1265.550049,1224.000000,1250.410034,1250.410034,4805800
2019,7,29,1247.369995,1228.229980,1239.410034,1239.410034,2223700
2019,7,30,1234.869995,1223.300049,1225.140015,1225.140015,1453300
2019,7,31,1234.000000,1207.764038,1216.680054,1216.680054,1725500
2019,8,1,1234.109985,1205.719971,1209.010010,1209.010010,1698500
2019,8,2,1206.900024,1188.939941,1193.989990,1193.989990,1645100
2019,8,5,1175.239990,1140.140015,1152.319946,1152.319946,2597500
2019,8,6,1179.959961,1160.000000,1169.949951,1169.949951,1709400
2019,8,7,1178.444946,1149.624023,1173.989990,1173.989990,1444300
2019,8,8,1205.010010,1173.020020,1204.800049,1204.800049,1468000
2019,8,9,1203.880005,1183.603027,1188.010010,1188.010010,1065700
2019,8,12,1184.959961,1167.671997,1174.709961,1174.709961,1003000
2019,8,13,1204.780029,1171.459961,1197.270020,1197.270020,1294400
2019,8,14,1182.300049,1160.540039,1164.290039,1164.290039,1578700
2019,8,15,1175.839966,1162.109985,1167.260010,1167.260010,1218700
2019,8,16,1182.719971,1171.810059,1177.599976,1177.599976,1313300
2019,8,19,1206.989990,1190.089966,1198.449951,1198.449951,1231600
2019,8,20,1196.060059,1182.109985,1182.689941,1182.689941,915500
2019,8,21,1199.000000,1187.430054,1191.250000,1191.250000,740700
2019,8,22,1198.011963,1178.579956,1189.530029,1189.530029,947500
2019,8,23,1194.079956,1147.750000,1151.290039,1151.290039,1687000
2019,8,26,1169.469971,1152.959961,1168.890015,1168.890015,1226100
2019,8,27,1182.400024,1161.449951,1167.839966,1167.839966,1077200
2019,8,28,1176.420044,1157.300049,1171.020020,1171.020020,802000
2019,8,29,1196.060059,1181.119995,1192.849976,1192.849976,1088400
2019,8,30,1198.500000,1183.802979,1188.099976,1188.099976,1129800
2019,9,3,1186.890015,1163.199951,1168.390015,1168.390015,1479900
2019,9,4,1183.479980,1171.000000,1181.410034,1181.410034,1068900
2019,9,5,1213.040039,1191.530029,1211.380005,1211.380005,1408100
2019,9,6,1212.015015,1202.521973,1204.930054,1204.930054,1072100
2019,9,9,1220.000000,1192.619995,1204.410034,1204.410034,1471900
2019,9,10,1210.000000,1194.579956,1206.000000,1206.000000,1260100
2019,9,11,1222.599976,1202.199951,1220.170044,1220.170044,1307000
2019,9,12,1241.859985,1223.020020,1234.250000,1234.250000,1725900
2019,9,13,1240.880005,1227.010010,1239.560059,1239.560059,1301400
2019,9,16,1239.560059,1225.609985,1231.300049,1231.300049,1053300
2019,9,17,1235.000000,1223.689941,1229.150024,1229.150024,955100
2019,9,18,1235.609985,1216.530029,1232.410034,1232.410034,1135100
2019,9,19,1244.439941,1232.020020,1238.709961,1238.709961,996000
2019,9,20,1243.319946,1223.079956,1229.930054,1229.930054,2270000
2019,9,23,1239.089966,1224.170044,1234.030029,1234.030029,1062400
2019,9,24,1246.739990,1210.680054,1218.760010,1218.760010,1583200
2019,9,25,1248.300049,1210.089966,1246.520020,1246.520020,1453000
2019,9,26,1245.000000,1232.267944,1241.390015,1241.390015,1538000
2019,9,27,1244.020020,1214.449951,1225.089966,1225.089966,1353900
2019,9,30,1226.000000,1212.300049,1219.000000,1219.000000,1404100
2019,10,1,1231.229980,1203.579956,1205.099976,1205.099976,1273500
2019,10,2,1196.979980,1171.290039,1176.630005,1176.630005,1615100
2019,10,3,1189.060059,1162.430054,1187.829956,1187.829956,1621200
2019,10,4,1211.439941,1189.170044,1209.000000,1209.000000,1162400
2019,10,7,1218.203979,1203.750000,1207.680054,1207.680054,842900
2019,10,8,1206.079956,1189.010010,1189.130005,1189.130005,1039300
2019,10,9,1208.349976,1197.630005,1202.310059,1202.310059,867700
2019,10,10,1215.000000,1197.339966,1208.670044,1208.670044,846600
2019,10,11,1228.390015,1213.739990,1215.449951,1215.449951,1272700
2019,10,14,1226.329956,1211.760010,1217.140015,1217.140015,867500
2019,10,15,1247.329956,1220.400024,1243.010010,1243.010010,1381700
2019,10,16,1254.739990,1238.449951,1243.640015,1243.640015,1094600
2019,10,17,1263.324951,1249.939941,1253.069946,1253.069946,952400
2019,10,18,1258.890015,1241.079956,1245.489990,1245.489990,1352800
2019,10,21,1254.629028,1240.599976,1246.150024,1246.150024,1027200
2019,10,22,1250.599976,1241.380005,1242.800049,1242.800049,1023800
2019,10,23,1259.890015,1242.359985,1259.130005,1259.130005,911500
2019,10,24,1264.000000,1253.714966,1260.989990,1260.989990,1028100
2019,10,25,1269.599976,1250.010010,1265.130005,1265.130005,1213100
2019,10,28,1299.310059,1272.540039,1290.000000,1290.000000,2613200
2019,10,29,1281.589966,1257.212036,1262.619995,1262.619995,1886400
2019,10,30,1269.359985,1252.000000,1261.290039,1261.290039,1408900
2019,10,31,1267.670044,1250.843018,1260.109985,1260.109985,1455700
2019,11,1,1274.619995,1260.500000,1273.739990,1273.739990,1670100
2019,11,4,1294.130005,1276.354980,1291.369995,1291.369995,1501000
2019,11,5,1298.930054,1291.229004,1292.030029,1292.030029,1282700
2019,11,6,1293.729980,1282.500000,1291.800049,1291.800049,1152700
2019,11,7,1323.739990,1294.244995,1308.859985,1308.859985,2030000
2019,11,8,1318.000000,1304.364990,1311.369995,1311.369995,1251400
2019,11,11,1306.425049,1297.410034,1299.189941,1299.189941,1011900
2019,11,12,1310.000000,1295.770020,1298.800049,1298.800049,1085900
2019,11,13,1304.300049,1293.510010,1298.000000,1298.000000,826700
2019,11,14,1317.000000,1295.650024,1311.459961,1311.459961,1193500
2019,11,15,1334.880005,1314.280029,1334.869995,1334.869995,1782600
2019,11,18,1335.529053,1317.500000,1320.699951,1320.699951,1487400
2019,11,19,1327.699951,1312.800049,1315.459961,1315.459961,1269200
2019,11,20,1315.000000,1291.150024,1303.050049,1303.050049,1308600
2019,11,21,1312.589966,1293.000000,1301.349976,1301.349976,995500
2019,11,22,1308.729980,1291.410034,1295.339966,1295.339966,1385700
2019,11,25,1311.310059,1298.130005,1306.689941,1306.689941,1036200
2019,11,26,1314.800049,1305.089966,1313.550049,1313.550049,1069700
2019,11,27,1318.359985,1309.630005,1312.989990,1312.989990,995600
2019,11,29,1310.204956,1303.969971,1304.959961,1304.959961,587000
2019,12,2,1305.829956,1281.000000,1289.920044,1289.920044,1510900
2019,12,3,1298.461060,1279.000000,1295.280029,1295.280029,1143800
2019,12,4,1325.800049,1304.869995,1320.540039,1320.540039,1537500
2019,12,5,1329.358032,1316.439941,1328.130005,1328.130005,1212700
2019,12,6,1344.000000,1333.439941,1340.619995,1340.619995,1314800
2019,12,9,1359.449951,1337.839966,1343.560059,1343.560059,1354300
2019,12,10,1349.974976,1336.040039,1344.660034,1344.660034,1094100
2019,12,11,1351.199951,1342.670044,1345.020020,1345.020020,850400
2019,12,12,1355.775024,1340.500000,1350.270020,1350.270020,1281000
2019,12,13,1353.093018,1343.869995,1347.829956,1347.829956,1549600
2019,12,16,1364.680054,1352.670044,1361.170044,1361.170044,1397300
2019,12,17,1365.000000,1351.322998,1355.119995,1355.119995,1854000
2019,12,18,1360.469971,1351.000000,1352.619995,1352.619995,1522600
2019,12,19,1358.099976,1348.984985,1356.040039,1356.040039,1469900
2019,12,20,1363.640015,1349.000000,1349.589966,1349.589966,3315000
2019,12,23,1359.800049,1346.510010,1348.839966,1348.839966,883100
2019,12,24,1350.260010,1342.780029,1343.560059,1343.560059,347500
2019,12,26,1361.327026,1344.469971,1360.400024,1360.400024,667500
2019,12,27,1364.530029,1349.310059,1351.890015,1351.890015,1038400
2019,12,30,1353.000000,1334.020020,1336.140015,1336.140015,1050900
2019,12,31,1338.000000,1329.084961,1337.020020,1337.020020,961800
2020,1,2,1368.140015,1341.550049,1367.369995,1367.369995,1406600
2020,1,3,1372.500000,1345.543945,1360.660034,1360.660034,1186400
2020,1,6,1396.500000,1350.000000,1394.209961,1394.209961,1732300
2020,1,7,1402.989990,1390.380005,1393.339966,1393.339966,1502700
2020,1,8,1411.579956,1390.839966,1404.319946,1404.319946,1528000
2020,1,9,1427.329956,1410.270020,1419.829956,1419.829956,1500900
2020,1,10,1434.928955,1418.349976,1429.729980,1429.729980,1820700
2020,1,13,1440.520020,1426.020020,1439.229980,1439.229980,1652300
2020,1,14,1441.800049,1428.369995,1430.880005,1430.880005,1558900
2020,1,15,1441.395020,1430.209961,1439.199951,1439.199951,1282700
2020,1,16,1451.989990,1440.920044,1451.699951,1451.699951,1173700
2020,1,17,1481.295044,1458.219971,1480.390015,1480.390015,2396200
2020,1,21,1491.849976,1471.199951,1484.400024,1484.400024,2036700
2020,1,22,1503.213989,1484.930054,1485.949951,1485.949951,1610800
2020,1,23,1495.520020,1482.099976,1486.650024,1486.650024,1351200
2020,1,24,1495.494995,1465.250000,1466.709961,1466.709961,1784600
2020,1,27,1438.069946,1421.199951,1433.900024,1433.900024,1755200
2020,1,28,1456.000000,1432.469971,1452.560059,1452.560059,1577400
2020,1,29,1465.430054,1446.739990,1458.630005,1458.630005,1077700
2020,1,30,1457.280029,1436.400024,1455.839966,1455.839966,1339400
2020,1,31,1470.130005,1428.530029,1434.229980,1434.229980,2417200
2020,2,3,1490.000000,1458.989990,1485.939941,1485.939941,3055200
2020,2,4,1469.500000,1426.300049,1447.069946,1447.069946,3933000
2020,2,5,1463.839966,1430.560059,1448.229980,1448.229980,1986200
2020,2,6,1482.000000,1449.569946,1476.229980,1476.229980,1679400
2020,2,7,1485.839966,1466.349976,1479.229980,1479.229980,1172300
2020,2,10,1509.500000,1474.319946,1508.680054,1508.680054,1419900
2020,2,11,1529.630005,1505.637939,1508.790039,1508.790039,1344600
2020,2,12,1520.694946,1508.109985,1518.270020,1518.270020,1167600
2020,2,13,1527.180054,1504.599976,1514.660034,1514.660034,929500
2020,2,14,1520.739990,1507.339966,1520.739990,1520.739990,1197800
2020,2,18,1531.630005,1512.589966,1519.670044,1519.670044,1120700
2020,2,19,1532.105957,1521.400024,1526.689941,1526.689941,949300
2020,2,20,1529.640015,1506.819946,1518.150024,1518.150024,1096600
2020,2,21,1512.214966,1480.439941,1485.109985,1485.109985,1731700
2020,2,24,1436.969971,1411.390015,1421.589966,1421.589966,2867100
2020,2,25,1438.140015,1382.400024,1388.449951,1388.449951,2478300
2020,2,26,1415.699951,1379.000000,1393.180054,1393.180054,2202400
2020,2,27,1371.703979,1317.170044,1318.089966,1318.089966,2971100
2020,2,28,1341.140015,1271.000000,1339.329956,1339.329956,3790600
2020,3,2,1390.869995,1326.814941,1389.109985,1389.109985,2431500
2020,3,3,1410.150024,1332.000000,1341.390015,1341.390015,2402300
2020,3,4,1388.089966,1343.109985,1386.520020,1386.520020,1913300
2020,3,5,1358.910034,1305.099976,1319.040039,1319.040039,2561300
2020,3,6,1306.219971,1261.050049,1298.410034,1298.410034,2660600
2020,3,9,1254.760010,1200.000000,1215.560059,1215.560059,3365400
2020,3,10,1281.150024,1218.770020,1280.390015,1280.390015,2611400
2020,3,11,1260.959961,1196.069946,1215.410034,1215.410034,2608500
2020,3,12,1193.869995,1113.300049,1114.910034,1114.910034,4226700
2020,3,13,1219.760010,1117.142944,1219.729980,1219.729980,3700100
2020,3,16,1152.266968,1074.439941,1084.329956,1084.329956,4252400
2020,3,17,1130.859985,1056.010010,1119.800049,1119.800049,3861500
2020,3,18,1106.500000,1037.280029,1096.800049,1096.800049,4233400
2020,3,19,1157.969971,1060.108032,1115.290039,1115.290039,3651100
2020,3,20,1143.989990,1065.489990,1072.319946,1072.319946,3601800
2020,3,23,1071.319946,1013.536011,1056.619995,1056.619995,4044100
2020,3,24,1135.000000,1090.619995,1134.459961,1134.459961,3344500
2020,3,25,1148.900024,1086.010010,1102.489990,1102.489990,4081500
2020,3,26,1169.969971,1093.530029,1161.750000,1161.750000,3571700
2020,3,27,1150.670044,1105.910034,1110.709961,1110.709961,3208500
2020,3,30,1151.630005,1096.479980,1146.819946,1146.819946,2574100
2020,3,31,1175.310059,1138.140015,1162.810059,1162.810059,2486400
2020,4,1,1129.689941,1097.449951,1105.619995,1105.619995,2344200
2020,4,2,1126.859985,1096.400024,1120.839966,1120.839966,1964900
2020,4,3,1123.540039,1079.810059,1097.880005,1097.880005,2313400
2020,4,6,1194.660034,1130.939941,1186.920044,1186.920044,2664700
2020,4,7,1225.000000,1182.229980,1186.510010,1186.510010,2387300
2020,4,8,1219.069946,1188.160034,1210.280029,1210.280029,1975100
2020,4,9,1225.569946,1196.734985,1211.449951,1211.449951,2175400
2020,4,13,1220.510010,1187.598022,1217.560059,1217.560059,1739800
2020,4,14,1282.069946,1236.930054,1269.229980,1269.229980,2470400
2020,4,15,1280.459961,1240.400024,1262.469971,1262.469971,1671700
2020,4,16,1279.000000,1242.619995,1263.469971,1263.469971,2518100
2020,4,17,1294.430054,1271.229980,1283.250000,1283.250000,1949000
2020,4,20,1281.599976,1261.369995,1266.609985,1266.609985,1695500
2020,4,21,1254.270020,1209.709961,1216.339966,1216.339966,2153000
2020,4,22,1285.613037,1242.000000,1263.209961,1263.209961,2093100
2020,4,23,1293.310059,1265.670044,1276.310059,1276.310059,1566200
2020,4,24,1280.400024,1249.449951,1279.310059,1279.310059,1640400
2020,4,27,1296.150024,1269.000000,1275.880005,1275.880005,1600600
2020,4,28,1288.050049,1232.199951,1233.670044,1233.670044,2951300
2020,4,29,1359.989990,1325.339966,1341.479980,1341.479980,3793600
2020,4,30,1352.819946,1322.489990,1348.660034,1348.660034,2665400
2020,5,1,1352.069946,1311.000000,1320.609985,1320.609985,2072500
2020,5,4,1327.660034,1299.000000,1326.800049,1326.800049,1504000
2020,5,5,1373.939941,1337.459961,1351.109985,1351.109985,1651500
2020,5,6,1371.119995,1347.290039,1347.300049,1347.300049,1215400
2020,5,7,1377.599976,1355.270020,1372.560059,1372.560059,1397600
2020,5,8,1398.760010,1375.479980,1388.369995,1388.369995,1388100
2020,5,11,1416.530029,1377.151978,1403.260010,1403.260010,1412100
2020,5,12,1415.000000,1374.770020,1375.739990,1375.739990,1390600
2020,5,13,1385.482056,1328.400024,1349.329956,1349.329956,1812600
2020,5,14,1357.420044,1323.910034,1356.130005,1356.130005,1603100
2020,5,15,1374.479980,1339.000000,1373.189941,1373.189941,1707700
2020,5,18,1392.324951,1354.250000,1383.939941,1383.939941,1824000
2020,5,19,1392.000000,1373.484985,1373.484985,1373.484985,1280600
2020,5,20,1410.420044,1387.250000,1406.719971,1406.719971,1655400
2020,5,21,1415.489990,1393.449951,1402.800049,1402.800049,1385000
2020,5,22,1412.760010,1391.829956,1410.420044,1410.420044,1309400
2020,5,26,1441.000000,1412.130005,1417.020020,1417.020020,2060600
2020,5,27,1421.739990,1391.290039,1417.839966,1417.839966,1685800
2020,5,28,1440.839966,1396.000000,1416.729980,1416.729980,1692200
2020,5,29,1432.569946,1413.349976,1428.920044,1428.920044,1838100
2020,6,1,1437.959961,1418.000000,1431.819946,1431.819946,1217100
2020,6,2,1439.609985,1418.829956,1439.219971,1439.219971,1278100
2020,6,3,1446.552002,1429.776978,1436.380005,1436.380005,1256200
2020,6,4,1438.959961,1404.729980,1412.180054,1412.180054,1484300
2020,6,5,1445.050049,1406.000000,1438.390015,1438.390015,1734900
2020,6,8,1447.989990,1422.339966,1446.609985,1446.609985,1404200
2020,6,9,1468.000000,1443.209961,1456.160034,1456.160034,1409200
2020,6,10,1474.259033,1456.270020,1465.849976,1465.849976,1525200
2020,6,11,1454.474976,1402.000000,1403.839966,1403.839966,1991300
2020,6,12,1437.000000,1386.020020,1413.180054,1413.180054,1944200
2020,6,15,1424.800049,1387.920044,1419.849976,1419.849976,1503900
2020,6,16,1455.020020,1425.900024,1442.719971,1442.719971,1709200
2020,6,17,1460.000000,1431.380005,1451.119995,1451.119995,1548300
2020,6,18,1451.410034,1427.010010,1435.959961,1435.959961,1581900
2020,6,19,1447.800049,1421.349976,1431.719971,1431.719971,3157900
2020,6,22,1452.750000,1423.209961,1451.859985,1451.859985,1542400
2020,6,23,1475.941040,1445.239990,1464.410034,1464.410034,1429800
2020,6,24,1475.420044,1429.750000,1431.969971,1431.969971,1756000
2020,6,25,1442.900024,1420.000000,1441.329956,1441.329956,1230500
2020,6,26,1433.449951,1351.989990,1359.900024,1359.900024,4267700
2020,6,29,1395.599976,1347.010010,1394.969971,1394.969971,1810200
2020,6,30,1418.650024,1383.959961,1413.609985,1413.609985,2042400
2020,7,1,1443.000000,1409.819946,1438.040039,1438.040039,1775200
2020,7,2,1482.949951,1446.420044,1464.699951,1464.699951,1859100
2020,7,6,1506.589966,1472.859985,1495.699951,1495.699951,1564000
2020,7,7,1516.800049,1483.550049,1485.180054,1485.180054,1457000
2020,7,8,1505.880005,1485.630005,1496.000000,1496.000000,1248500
2020,7,9,1522.719971,1488.084961,1510.989990,1510.989990,1422800
2020,7,10,1543.829956,1496.540039,1541.739990,1541.739990,1856300
2020,7,13,1577.131958,1505.243042,1511.339966,1511.339966,1845000
2020,7,14,1522.949951,1483.500000,1520.579956,1520.579956,1583500
2020,7,15,1535.329956,1498.000000,1513.640015,1513.640015,1609800
2020,7,16,1518.689941,1486.310059,1518.000000,1518.000000,1518300
2020,7,17,1523.439941,1498.420044,1515.550049,1515.550049,1456700
2020,7,20,1570.290039,1503.599976,1565.719971,1565.719971,1557300
2020,7,21,1586.989990,1554.280029,1558.420044,1558.420044,1218600
2020,7,22,1570.000000,1546.099976,1568.489990,1568.489990,932000
2020,7,23,1571.869995,1507.391968,1515.680054,1515.680054,1627600
2020,7,24,1517.635986,1488.400024,1511.869995,1511.869995,1544000
2020,7,27,1540.969971,1515.209961,1530.199951,1530.199951,1245100
2020,7,28,1526.479980,1497.660034,1500.339966,1500.339966,1702200
2020,7,29,1531.251953,1501.329956,1522.020020,1522.020020,1105500
